[
  {
    "trxID": "SHIELDA_080620231956",
    "trxType": "expend",
    "trxTotal": "50000"
    "data": [
      {
        "user": "SHIELDA",
        "tgl": "080620231956",
        "item": "Buku",
        "harga": "7000",
        "jumlah": "5",
        "total":  "35000"
      },
      {
        "user": "SHIELDA",
        "tgl": "080620231956",
        "item": "Pensil",
        "harga": "1500",
        "jumlah": "10",
        "total":  "15000"
      }
    ]
  },
  {
    "trxID": "SHIELDA_090620231956",
    "trxType": "expend",
    "data": [
      {
        "user": "SHIELDA",
        "tgl": "080620231956",
        "item": "Buku",
        "harga": "7000",
        "jumlah": "5"
      },
      {
        "user": "SHIELDA",
        "tgl": "080620231956",
        "item": "Pensil",
        "harga": "1500",
        "jumlah": "10"
      }
    ]
  }
]